{
  "Buses": {
    "vehicles": 55,
    "revenue": 197.99999999999997
  },
  "Car": {
    "vehicles": 1971,
    "revenue": 4434.75
  },
  "Motorcycles": {
    "vehicles": 12,
    "revenue": 12.600000000000001
  },
  "Multi Unit Trucks": {
    "vehicles": 25,
    "revenue": 135.0
  },
  "Single Unit Trucks": {
    "vehicles": 132,
    "revenue": 475.20000000000005
  },
  "Taxi": {
    "vehicles": 3261,
    "revenue": 2445.75
  }
}